"LANDING_MONTH","LANDING_YEAR","AGENCY_CODE","SPECIES_GROUP","TICKET_SOURCE_CODE","IS_ETIX_DATA","REV","prop"
1,2018,"C","COASTAL PELAGIC","R","F",382,9.99706680302526e-05
1,2018,"C","COASTAL PELAGIC","T","F",3820738.81,0.99990002933197
1,2018,"C","CRAB","R","F",286121.1,0.10401499038182
1,2018,"C","CRAB","T","F",2464646.8321,0.89598500961818
1,2018,"C","NON-WHITING GROUNDFISH","E","T",9761.6,0.00757148718762744
1,2018,"C","NON-WHITING GROUNDFISH","R","F",1061859.1859,0.823620433239054
1,2018,"C","NON-WHITING GROUNDFISH","T","F",217637.1575,0.168808079573318
1,2018,"C","OTHER","C","F",13.5,3.203381040192e-06
1,2018,"C","OTHER","R","F",11455.315,0.00271820288003163
1,2018,"C","OTHER","T","F",4202828.4636,0.997278593738928
1,2018,"C","SHRIMP","T","F",358155.1,1
1,2018,"C","TUNA","T","F",531518.455,1
1,2018,"C","WHITING","R","F",3,1
1,2018,"O","CRAB","R","F",10505854.55,0.800572426353956
1,2018,"O","CRAB","T","F",2617073.75,0.199427573646044
1,2018,"O","NON-WHITING GROUNDFISH","R","F",1645539.051,0.971528634200584
1,2018,"O","NON-WHITING GROUNDFISH","T","F",48223.74,0.0284713657994155
1,2018,"O","OTHER","C","F",14280,0.220757035857559
1,2018,"O","OTHER","R","F",25901.9,0.400422035509728
1,2018,"O","OTHER","T","F",24504.6,0.378820928632713
1,2018,"O","SHELLFISH","C","F",52578.25,0.83010993244278
1,2018,"O","SHELLFISH","R","F",2964.5,0.046803780930834
1,2018,"O","SHELLFISH","T","F",7796.15,0.123086286626386
1,2018,"O","SHRIMP","R","F",5582.505,0.849889738989313
1,2018,"O","SHRIMP","T","F",986,0.150110261010687
1,2018,"O","WHITING","R","F",363.3,1
1,2018,"W","CRAB","T","F",13724575.315,1
1,2018,"W","NON-WHITING GROUNDFISH","R","F",249869.578,0.922507969782279
1,2018,"W","NON-WHITING GROUNDFISH","T","F",20989.413125,0.0774920302177213
1,2018,"W","OTHER","T","F",517860.788,1
1,2018,"W","SALMON","T","F",185502.118,1
1,2018,"W","SHELLFISH","T","F",4211850.039,1
1,2018,"W","SHRIMP","T","F",5772.7,1
1,2019,"C","COASTAL PELAGIC","R","F",1763611.9,0.536552926835729
1,2019,"C","COASTAL PELAGIC","T","F",1523318.078,0.46344707316427
1,2019,"C","CRAB","R","F",4413862.70204,0.256232843499278
1,2019,"C","CRAB","T","F",12812120.67215,0.743767156500721
1,2019,"C","NON-WHITING GROUNDFISH","C","F",6438.9,0.00625683527660785
1,2019,"C","NON-WHITING GROUNDFISH","E","T",620.5,0.000602954897441359
1,2019,"C","NON-WHITING GROUNDFISH","R","F",860763.2678,0.836424541269361
1,2019,"C","NON-WHITING GROUNDFISH","T","F",161275.8645,0.15671566855659
1,2019,"C","OTHER","C","F",6195.75,0.00188945455595856
1,2019,"C","OTHER","E","T",312,9.51474513108292e-05
1,2019,"C","OTHER","R","F",689761.2965,0.210349453124449
1,2019,"C","OTHER","T","F",2582851.8937,0.787665944868281
1,2019,"C","SHELLFISH","R","F",75,1
1,2019,"C","SHRIMP","R","F",8443.6,0.0268390575693605
1,2019,"C","SHRIMP","T","F",306157.6105,0.97316094243064
1,2019,"C","TUNA","R","F",10241.97,0.0365786102735607
1,2019,"C","TUNA","T","F",269756.9125,0.963421389726439
1,2019,"C","WHITING","R","F",94,1
1,2019,"O","CRAB","R","F",32713656.863,0.915001560848796
1,2019,"O","CRAB","T","F",3038912.6,0.084998439151204
1,2019,"O","NON-WHITING GROUNDFISH","R","F",1268312.591,0.926803593972594
1,2019,"O","NON-WHITING GROUNDFISH","T","F",100167.85,0.0731964060274063
1,2019,"O","OTHER","R","F",110676.725,0.424566815772618
1,2019,"O","OTHER","T","F",150004.8,0.575433184227382
1,2019,"O","SHELLFISH","C","F",109481.3,0.937914048411485
1,2019,"O","SHELLFISH","T","F",7247.2,0.0620859515885152
1,2019,"O","SHRIMP","R","F",4118.667,0.871460318689543
1,2019,"O","SHRIMP","T","F",607.5,0.128539681310457
1,2019,"W","CRAB","R","F",18972906.194,0.657668002586905
1,2019,"W","CRAB","T","F",9875853.544,0.342331997413095
1,2019,"W","NON-WHITING GROUNDFISH","R","F",425058.693,0.966899522511924
1,2019,"W","NON-WHITING GROUNDFISH","T","F",14551.3007,0.0331004774880758
1,2019,"W","OTHER","T","F",685219.006,1
1,2019,"W","SALMON","T","F",18637.33,1
1,2019,"W","SHELLFISH","T","F",4513441.505,1
1,2019,"W","SHRIMP","T","F",7531.3,1
2,2018,"C","COASTAL PELAGIC","T","F",2421051.87,1
2,2018,"C","CRAB","R","F",980907.25,0.0313837784649516
2,2018,"C","CRAB","T","F",30274323.891,0.968616221535048
2,2018,"C","NON-WHITING GROUNDFISH","E","T",16300.55,0.0196826267109689
2,2018,"C","NON-WHITING GROUNDFISH","R","F",566994.2172,0.684635519931879
2,2018,"C","NON-WHITING GROUNDFISH","T","F",244874.6758,0.295681853357152
2,2018,"C","OTHER","R","F",2317.68032,0.000807873713640172
2,2018,"C","OTHER","T","F",2866546.9465,0.99919212628636
2,2018,"C","SHRIMP","R","F",14.4,1.98902638397502e-05
2,2018,"C","SHRIMP","T","F",723957.897,0.99998010973616
2,2018,"C","TUNA","T","F",412389,1
2,2018,"O","COASTAL PELAGIC","R","F",0.48,1
2,2018,"O","CRAB","R","F",31437544.905,0.794972753513225
2,2018,"O","CRAB","T","F",8107892.05,0.205027246486775
2,2018,"O","NON-WHITING GROUNDFISH","R","F",1538567.297,0.951510375387684
2,2018,"O","NON-WHITING GROUNDFISH","T","F",78406.45,0.048489624612316
2,2018,"O","OTHER","C","F",47083.75,0.26993439144538
2,2018,"O","OTHER","R","F",41012.6,0.235128069081006
2,2018,"O","OTHER","T","F",86330.294,0.494937539473614
2,2018,"O","SALMON","C","F",433,0.0372715760247187
2,2018,"O","SALMON","R","F",10065.432,0.866407653601932
2,2018,"O","SALMON","T","F",1119,0.0963207703733493
2,2018,"O","SHELLFISH","C","F",66527.65,0.737607795657795
2,2018,"O","SHELLFISH","R","F",14575.9,0.161606451884719
2,2018,"O","SHELLFISH","T","F",9090.25,0.100785752457486
2,2018,"O","SHRIMP","R","F",6833.685,0.856438972150665
2,2018,"O","SHRIMP","T","F",1145.5,0.143561027849335
2,2018,"W","CRAB","T","F",24336737.398,1
2,2018,"W","NON-WHITING GROUNDFISH","R","F",312389.182182,0.889633820999127
2,2018,"W","NON-WHITING GROUNDFISH","T","F",38754.3724,0.110366179000873
2,2018,"W","OTHER","T","F",366674.382,1
2,2018,"W","SALMON","T","F",139554.665,1
2,2018,"W","SHELLFISH","T","F",5716462.673,1
2,2018,"W","SHRIMP","T","F",11767,1
2,2019,"C","COASTAL PELAGIC","R","F",482173.2,0.635311271865304
2,2019,"C","COASTAL PELAGIC","T","F",276782.64,0.364688728134696
2,2019,"C","CRAB","R","F",2478295.1157,0.184898376992397
2,2019,"C","CRAB","T","F",10925257.452,0.815101623007603
2,2019,"C","NON-WHITING GROUNDFISH","C","F",12083.92,0.0176463695876493
2,2019,"C","NON-WHITING GROUNDFISH","R","F",568398.505,0.830042742114919
2,2019,"C","NON-WHITING GROUNDFISH","T","F",104299.787,0.152310888297431
2,2019,"C","OTHER","R","F",566783.22075,0.240727547305458
2,2019,"C","OTHER","T","F",1787676.11344,0.759272452694542
2,2019,"C","SHRIMP","R","F",364054.55,0.593925707070994
2,2019,"C","SHRIMP","T","F",248908.5625,0.406074292929006
2,2019,"C","TUNA","R","F",8263.75,0.0409006684793873
2,2019,"C","TUNA","T","F",193780.625,0.959099331520613
2,2019,"C","WHITING","R","F",242,1
2,2019,"O","CRAB","R","F",16460180.2,0.786108886700435
2,2019,"O","CRAB","T","F",4478624.18,0.213891113299565
2,2019,"O","NON-WHITING GROUNDFISH","R","F",1144397.434,0.947279521757262
2,2019,"O","NON-WHITING GROUNDFISH","T","F",63691,0.0527204782427377
2,2019,"O","OTHER","R","F",52101.95,0.410032191437731
2,2019,"O","OTHER","T","F",74966,0.589967808562269
2,2019,"O","SALMON","R","F",4098,1
2,2019,"O","SHELLFISH","C","F",75288.1,0.904582681772662
2,2019,"O","SHELLFISH","T","F",7941.55,0.0954173182273384
2,2019,"O","SHRIMP","R","F",4178.11,0.85440000327191
2,2019,"O","SHRIMP","T","F",712,0.14559999672809
2,2019,"W","CRAB","R","F",4293097.014,0.449119953598774
2,2019,"W","CRAB","T","F",5265812.537,0.550880046401226
2,2019,"W","NON-WHITING GROUNDFISH","R","F",379872.20856,0.990988207190773
2,2019,"W","NON-WHITING GROUNDFISH","T","F",3454.46052,0.00901179280922679
2,2019,"W","OTHER","T","F",223156.17,1
2,2019,"W","SALMON","T","F",16805.043,1
2,2019,"W","SHELLFISH","T","F",2479907.299,1
2,2019,"W","SHRIMP","T","F",3917,1
3,2018,"C","COASTAL PELAGIC","R","F",292,0.000520367013428908
3,2018,"C","COASTAL PELAGIC","T","F",560850.41,0.999479632986571
3,2018,"C","CRAB","R","F",478986.15,0.0463131527632476
3,2018,"C","CRAB","T","F",9863349.049,0.953686847236752
3,2018,"C","NON-WHITING GROUNDFISH","E","T",38395.75,0.0292830303600003
3,2018,"C","NON-WHITING GROUNDFISH","R","F",1175172.0958,0.896260658003465
3,2018,"C","NON-WHITING GROUNDFISH","T","F",97626.7105,0.0744563116365342
3,2018,"C","OTHER","E","T",1038,0.000479650876732611
3,2018,"C","OTHER","R","F",264.162,0.000122066989305819
3,2018,"C","OTHER","T","F",2162771.8559,0.999398282133962
3,2018,"C","SHRIMP","T","F",798157.46,1
3,2018,"C","TUNA","T","F",530233.772,1
3,2018,"C","WHITING","R","F",0.85,1
3,2018,"O","CRAB","R","F",10720217.79,0.794257273683307
3,2018,"O","CRAB","T","F",2776942.57,0.205742726316693
3,2018,"O","NON-WHITING GROUNDFISH","R","F",1925616.87,0.940670700149391
3,2018,"O","NON-WHITING GROUNDFISH","T","F",121451.11,0.0593292998506088
3,2018,"O","OTHER","C","F",82898.25,0.344492236190359
3,2018,"O","OTHER","R","F",77143.3,0.320576947331261
3,2018,"O","OTHER","T","F",80597.4,0.33493081647838
3,2018,"O","SALMON","C","F",4352.5,0.0792898977110223
3,2018,"O","SALMON","R","F",48060.5,0.875522602858262
3,2018,"O","SALMON","T","F",2480.5,0.0451874994307158
3,2018,"O","SHELLFISH","C","F",133563.1,0.739878562134009
3,2018,"O","SHELLFISH","R","F",27513.7,0.152413329692007
3,2018,"O","SHELLFISH","T","F",19443.5,0.107708108173984
3,2018,"O","SHRIMP","R","F",5832.482,0.810575580621284
3,2018,"O","SHRIMP","T","F",1363,0.189424419378716
3,2018,"O","WHITING","R","F",15.1,1
3,2018,"W","COASTAL PELAGIC","R","F",1.98,1
3,2018,"W","CRAB","T","F",10427290.892,1
3,2018,"W","NON-WHITING GROUNDFISH","R","F",410063.69932,0.856391235118145
3,2018,"W","NON-WHITING GROUNDFISH","T","F",68763.83009,0.143608764881855
3,2018,"W","OTHER","R","F",0.06,7.04564628097534e-08
3,2018,"W","OTHER","T","F",851589.668,0.999999929543537
3,2018,"W","SALMON","T","F",39019.876,1
3,2018,"W","SHELLFISH","T","F",3334155.313,1
3,2018,"W","SHRIMP","T","F",8551,1
3,2018,"W","WHITING","R","F",0.1,1
3,2019,"C","COASTAL PELAGIC","R","F",108168.725,0.467183331365658
3,2019,"C","COASTAL PELAGIC","T","F",123365.06,0.532816668634342
3,2019,"C","CRAB","C","F",2185.2,0.000586400204587485
3,2019,"C","CRAB","R","F",746900.3466,0.200431317981285
3,2019,"C","CRAB","T","F",2977379.729,0.798982281814128
3,2019,"C","NON-WHITING GROUNDFISH","C","F",20260.25,0.014798438846198
3,2019,"C","NON-WHITING GROUNDFISH","R","F",1317411.488,0.962260255448317
3,2019,"C","NON-WHITING GROUNDFISH","T","F",31408.488,0.0229413057054846
3,2019,"C","OTHER","C","F",13206.83,0.00797788790622767
3,2019,"C","OTHER","R","F",360492.9412,0.217764011188145
3,2019,"C","OTHER","T","F",1281729.605,0.774258100905628
3,2019,"C","SHELLFISH","T","F",205.5,1
3,2019,"C","SHRIMP","R","F",460372.85,0.601675728083766
3,2019,"C","SHRIMP","T","F",304778.258,0.398324271916234
3,2019,"C","TUNA","R","F",9986.25,0.0344753183648282
3,2019,"C","TUNA","T","F",279677.5,0.965524681635172
3,2019,"C","WHITING","R","F",16.2,1
3,2019,"O","CRAB","R","F",4360364.4,0.837365453554768
3,2019,"O","CRAB","T","F",846877.41,0.162634546445232
3,2019,"O","NON-WHITING GROUNDFISH","R","F",2392968.864,0.952166916464057
3,2019,"O","NON-WHITING GROUNDFISH","T","F",120213.25,0.0478330835359431
3,2019,"O","OTHER","R","F",226140.35,0.674701320415352
3,2019,"O","OTHER","T","F",109030.7,0.325298679584648
3,2019,"O","SALMON","C","F",752,0.0108267255993752
3,2019,"O","SALMON","R","F",68681.75,0.9888277406049
3,2019,"O","SALMON","T","F",24,0.000345533795724739
3,2019,"O","SHELLFISH","C","F",108410.95,0.887071058752294
3,2019,"O","SHELLFISH","R","F",2704.8,0.022131987587169
3,2019,"O","SHELLFISH","T","F",11096.5,0.0907969536605373
3,2019,"O","SHRIMP","R","F",7208.322,0.876783806789224
3,2019,"O","SHRIMP","T","F",1013,0.123216193210776
3,2019,"W","CRAB","R","F",1674732.8,0.323535880758961
3,2019,"W","CRAB","T","F",3501610.535,0.67646411924104
3,2019,"W","NON-WHITING GROUNDFISH","R","F",666872.999,0.738639469000358
3,2019,"W","NON-WHITING GROUNDFISH","T","F",235966.650095,0.261360530999642
3,2019,"W","OTHER","R","F",0.1,2.36430486008871e-07
3,2019,"W","OTHER","T","F",422957.2,0.999999763569514
3,2019,"W","SALMON","T","F",18842.699,1
3,2019,"W","SHELLFISH","T","F",3799703.011,1
3,2019,"W","SHRIMP","T","F",15949,1
4,2018,"C","COASTAL PELAGIC","R","F",82,2.30574127118943e-05
4,2018,"C","COASTAL PELAGIC","T","F",3556258.038,0.999976942587288
4,2018,"C","CRAB","R","F",97595.4,0.0355420587050415
4,2018,"C","CRAB","T","F",2648317.5706,0.964457941294959
4,2018,"C","NON-WHITING GROUNDFISH","E","T",37419.7575,0.0327345443103747
4,2018,"C","NON-WHITING GROUNDFISH","R","F",1040793.7115,0.910479119675109
4,2018,"C","NON-WHITING GROUNDFISH","T","F",64914.0218,0.0567863360145166
4,2018,"C","OTHER","C","F",122.75,0.000144167393993665
4,2018,"C","OTHER","R","F",15512.85,0.0182195287813819
4,2018,"C","OTHER","T","F",835805.19115,0.981636303824624
4,2018,"C","SHRIMP","T","F",761009.199,1
4,2018,"C","TUNA","T","F",363622,1
4,2018,"C","WHITING","R","F",4.6,1
4,2018,"O","COASTAL PELAGIC","R","F",45.36,1
4,2018,"O","CRAB","R","F",3707796.7,0.881383938987202
4,2018,"O","CRAB","T","F",498992.8,0.118616061012798
4,2018,"O","NON-WHITING GROUNDFISH","R","F",2089973.2537,0.950154796147261
4,2018,"O","NON-WHITING GROUNDFISH","T","F",109640.18,0.0498452038527391
4,2018,"O","OTHER","C","F",100427.5,0.446749174774502
4,2018,"O","OTHER","R","F",67141.0623,0.298675304831928
4,2018,"O","OTHER","T","F",57227.6,0.25457552039357
4,2018,"O","SALMON","C","F",10812.5,0.0256194334746539
4,2018,"O","SALMON","R","F",406901.4,0.964123315425991
4,2018,"O","SALMON","T","F",4329,0.0102572510993551
4,2018,"O","SHELLFISH","C","F",9215.5,0.275897478885932
4,2018,"O","SHELLFISH","R","F",17124.2,0.512671434858496
4,2018,"O","SHELLFISH","T","F",7062.2,0.211431086255572
4,2018,"O","SHRIMP","R","F",223748.295,0.990638121696847
4,2018,"O","SHRIMP","T","F",2114.5,0.00936187830315303
4,2018,"O","WHITING","R","F",4531.44,1
4,2018,"W","COASTAL PELAGIC","R","F",3.4,1
4,2018,"W","CRAB","T","F",4640399.109,1
4,2018,"W","NON-WHITING GROUNDFISH","R","F",412780.31383,0.407565633420658
4,2018,"W","NON-WHITING GROUNDFISH","T","F",600014.38715,0.592434366579342
4,2018,"W","OTHER","R","F",13193.13,0.0224567042778061
4,2018,"W","OTHER","T","F",574298.687,0.977543295722194
4,2018,"W","SALMON","T","F",147394.597,1
4,2018,"W","SHELLFISH","T","F",6252449.225,1
4,2018,"W","SHRIMP","T","F",1090901.967,1
4,2018,"W","TUNA","T","F",88006.75,1
4,2018,"W","WHITING","R","F",104.2,1
4,2019,"C","COASTAL PELAGIC","R","F",104112.825,0.517183130789512
4,2019,"C","COASTAL PELAGIC","T","F",97194.64,0.482816869210489
4,2019,"C","CRAB","E","T",2745.4,0.00196713606786513
4,2019,"C","CRAB","R","F",291650.773,0.208973830694633
4,2019,"C","CRAB","T","F",1101236.821,0.789059033237502
4,2019,"C","NON-WHITING GROUNDFISH","C","F",12180,0.0101776823248029
4,2019,"C","NON-WHITING GROUNDFISH","R","F",1147774.3635,0.959087262089975
4,2019,"C","NON-WHITING GROUNDFISH","T","F",36781.751,0.0307350555852219
4,2019,"C","OTHER","E","T",1178,0.00101926087312961
4,2019,"C","OTHER","R","F",476389.029,0.412194140617918
4,2019,"C","OTHER","T","F",678172.4201,0.586786598508953
4,2019,"C","SHRIMP","R","F",491478.15,0.606240890332265
4,2019,"C","SHRIMP","T","F",319219.64,0.393759109667735
4,2019,"C","TUNA","R","F",70657.39,0.278997470490071
4,2019,"C","TUNA","T","F",182597.2,0.721002529509929
4,2019,"C","WHITING","R","F",60.3,1
4,2019,"O","COASTAL PELAGIC","R","F",678723.49,0.933735547977798
4,2019,"O","COASTAL PELAGIC","T","F",48167,0.0662644520222021
4,2019,"O","CRAB","R","F",2075192.4,0.832587243843678
4,2019,"O","CRAB","T","F",417270,0.167412756156322
4,2019,"O","NON-WHITING GROUNDFISH","R","F",1935237.102,0.962534371298191
4,2019,"O","NON-WHITING GROUNDFISH","T","F",75327.05,0.0374656287018093
4,2019,"O","OTHER","C","F",80.5,0.000522735908052923
4,2019,"O","OTHER","R","F",119591.406,0.776580400133363
4,2019,"O","OTHER","T","F",34325.55,0.222896863958584
4,2019,"O","SALMON","C","F",6692,0.0404566474558046
4,2019,"O","SALMON","R","F",147840.88,0.893775606950974
4,2019,"O","SALMON","T","F",10878.75,0.065767745593221
4,2019,"O","SHELLFISH","C","F",19057.2,0.38203735615363
4,2019,"O","SHELLFISH","R","F",16674.88,0.334279278665231
4,2019,"O","SHELLFISH","T","F",14151,0.28368336518114
4,2019,"O","SHRIMP","R","F",857500.697,0.999162219181739
4,2019,"O","SHRIMP","T","F",719,0.000837780818260572
4,2019,"W","CRAB","R","F",516912.025,0.282651843412411
4,2019,"W","CRAB","T","F",1311882.08,0.717348156587589
4,2019,"W","NON-WHITING GROUNDFISH","R","F",409146.33074,0.609678754737582
4,2019,"W","NON-WHITING GROUNDFISH","T","F",261938.773605,0.390321245262418
4,2019,"W","OTHER","R","F",7632.65,0.0195187348681632
4,2019,"W","OTHER","T","F",383409.6,0.980481265131837
4,2019,"W","SALMON","T","F",62736.718,1
4,2019,"W","SHELLFISH","T","F",3120577.971,1
4,2019,"W","SHRIMP","R","F",479109.8,0.339531317565487
4,2019,"W","SHRIMP","T","F",931981.829,0.660468682434513
4,2019,"W","TUNA","T","F",1149246,1
5,2018,"C","COASTAL PELAGIC","T","F",5284922.75,1
5,2018,"C","CRAB","R","F",68416.95,0.0167557074005651
5,2018,"C","CRAB","T","F",4014785.768,0.983244292599435
5,2018,"C","NON-WHITING GROUNDFISH","E","T",107905.4,0.0632157204368551
5,2018,"C","NON-WHITING GROUNDFISH","R","F",1346111.8671,0.788611426928834
5,2018,"C","NON-WHITING GROUNDFISH","T","F",252922.071,0.148172852634311
5,2018,"C","OTHER","C","F",16.5,1.68766724278377e-05
5,2018,"C","OTHER","E","T",8230,0.00841787964127906
5,2018,"C","OTHER","R","F",10870.3325,0.0111184873202532
5,2018,"C","OTHER","T","F",958564.05042,0.98044675636604
5,2018,"C","SALMON","R","F",10506,0.0151528510860591
5,2018,"C","SALMON","T","F",682828.8675,0.984847148913941
5,2018,"C","SHRIMP","T","F",1545910.0065,1
5,2018,"C","TUNA","T","F",353368.8,1
5,2018,"C","WHITING","R","F",2.72,1
5,2018,"O","COASTAL PELAGIC","R","F",1646535.464,0.999939270104291
5,2018,"O","COASTAL PELAGIC","T","F",100,6.07298957093274e-05
5,2018,"O","CRAB","R","F",2518303.05,0.917622648145712
5,2018,"O","CRAB","T","F",226074.56,0.082377351854288
5,2018,"O","NON-WHITING GROUNDFISH","R","F",2111655.94831087,0.924034587318892
5,2018,"O","NON-WHITING GROUNDFISH","T","F",173600.445,0.0759654126811078
5,2018,"O","OTHER","C","F",103338.5,0.432375426975516
5,2018,"O","OTHER","R","F",80627.233689132,0.337349918880119
5,2018,"O","OTHER","T","F",55036.054,0.230274654144366
5,2018,"O","SALMON","C","F",33861.25,0.0450468607747521
5,2018,"O","SALMON","R","F",662737,0.881663298586936
5,2018,"O","SALMON","T","F",55091.2,0.0732898406383115
5,2018,"O","SHELLFISH","C","F",22109.55,0.366253773807601
5,2018,"O","SHELLFISH","R","F",24774.25,0.410395623418521
5,2018,"O","SHELLFISH","T","F",13482.95,0.223350602773878
5,2018,"O","SHRIMP","R","F",2985131.869,0.876122985561554
5,2018,"O","SHRIMP","T","F",422074.56,0.123877014438446
5,2018,"O","WHITING","R","F",1092484.077,1
5,2018,"W","COASTAL PELAGIC","R","F",0.28,9.99900009999e-05
5,2018,"W","COASTAL PELAGIC","T","F",2800,0.999900009999
5,2018,"W","CRAB","T","F",2675428.266,1
5,2018,"W","NON-WHITING GROUNDFISH","R","F",390055.69726,0.409886991284167
5,2018,"W","NON-WHITING GROUNDFISH","T","F",561561.95725,0.590113008715833
5,2018,"W","OTHER","R","F",21204.11,0.0179759251135254
5,2018,"W","OTHER","T","F",1158379.687,0.982024074886474
5,2018,"W","SALMON","T","F",1062096.237,1
5,2018,"W","SHELLFISH","T","F",6594168.017,1
5,2018,"W","SHRIMP","T","F",1927273.113,1
5,2018,"W","WHITING","R","F",738224.86,1
5,2019,"C","COASTAL PELAGIC","R","F",33672.672,0.154280335121155
5,2019,"C","COASTAL PELAGIC","T","F",184583.7375,0.845719664878845
5,2019,"C","CRAB","E","T",1901.8,0.00703916396697166
5,2019,"C","CRAB","R","F",147246.5114,0.54500596135722
5,2019,"C","CRAB","T","F",121025.8185,0.447954874675808
5,2019,"C","NON-WHITING GROUNDFISH","C","F",12033,0.00660347373159127
5,2019,"C","NON-WHITING GROUNDFISH","E","T",136,7.46341251139709e-05
5,2019,"C","NON-WHITING GROUNDFISH","R","F",1627686.6585,0.893242424388458
5,2019,"C","NON-WHITING GROUNDFISH","T","F",182367.082,0.100079467754837
5,2019,"C","OTHER","E","T",577.5,0.000509691434672112
5,2019,"C","OTHER","R","F",611113.916,0.539358491072091
5,2019,"C","OTHER","T","F",521347.0475,0.460131817493237
5,2019,"C","SALMON","E","T",15422.5,0.00327423981035096
5,2019,"C","SALMON","R","F",1917154.03,0.407017153353916
5,2019,"C","SALMON","T","F",2777677.1146,0.589708606835733
5,2019,"C","SHRIMP","R","F",466243.776,0.434589623727327
5,2019,"C","SHRIMP","T","F",606593.104,0.565410376272673
5,2019,"C","TUNA","R","F",516369.23,0.910998569149503
5,2019,"C","TUNA","T","F",50447.5,0.0890014308504973
5,2019,"C","WHITING","R","F",40.527,1
5,2019,"O","COASTAL PELAGIC","R","F",281891.562,0.813617485041329
5,2019,"O","COASTAL PELAGIC","T","F",64575.38,0.186382514958671
5,2019,"O","CRAB","R","F",1122286.15,0.75408481929508
5,2019,"O","CRAB","T","F",365989.6,0.24591518070492
5,2019,"O","NON-WHITING GROUNDFISH","R","F",2119743.264,0.945597829733603
5,2019,"O","NON-WHITING GROUNDFISH","T","F",121953.15,0.0544021702663972
5,2019,"O","OTHER","C","F",1093.5,0.00440374553962193
5,2019,"O","OTHER","R","F",141713.05,0.570707098165267
5,2019,"O","OTHER","T","F",105504.8,0.424889156295111
5,2019,"O","SALMON","C","F",7563,0.0297828017413665
5,2019,"O","SALMON","R","F",222728.25,0.877095241564395
5,2019,"O","SALMON","T","F",23647.25,0.093121956694239
5,2019,"O","SHELLFISH","C","F",677.15,0.00954576051369344
5,2019,"O","SHELLFISH","R","F",47574.8,0.670660337128941
5,2019,"O","SHELLFISH","T","F",22685.3,0.319793902357365
5,2019,"O","SHRIMP","R","F",3379864.097,0.920548035654434
5,2019,"O","SHRIMP","T","F",291714.1,0.0794519643455656
5,2019,"O","WHITING","R","F",1864755.989,1
5,2019,"W","COASTAL PELAGIC","R","F",0.02,1.61287721165788e-05
5,2019,"W","COASTAL PELAGIC","T","F",1240,0.999983871227883
5,2019,"W","CRAB","R","F",153390.522,0.0466682212018622
5,2019,"W","CRAB","T","F",3133439.746,0.953331778798138
5,2019,"W","NON-WHITING GROUNDFISH","R","F",280449.115603487,0.38593153917307
5,2019,"W","NON-WHITING GROUNDFISH","T","F",446231.88125,0.61406846082693
5,2019,"W","OTHER","R","F",20180.06,0.0125554395200521
5,2019,"W","OTHER","T","F",1587096.21,0.987444560479948
5,2019,"W","SALMON","T","F",618202.554,1
5,2019,"W","SHELLFISH","T","F",5052660.327,1
5,2019,"W","SHRIMP","R","F",1955112.65,0.686740116536616
5,2019,"W","SHRIMP","T","F",891834.256,0.313259883463383
5,2019,"W","WHITING","R","F",559119.62,1
6,2018,"C","COASTAL PELAGIC","R","F",64218.6,0.0382864535441768
6,2018,"C","COASTAL PELAGIC","T","F",1613100.5052,0.961713546455823
6,2018,"C","CRAB","E","T",1081.9,0.000770415153736374
6,2018,"C","CRAB","R","F",27958.25,0.0199089190054071
6,2018,"C","CRAB","T","F",1375267.6375,0.979320665840857
6,2018,"C","NON-WHITING GROUNDFISH","E","T",76415.313,0.0597071370500793
6,2018,"C","NON-WHITING GROUNDFISH","R","F",853461.4151,0.666852436740399
6,2018,"C","NON-WHITING GROUNDFISH","T","F",349958.76185,0.273440426209522
6,2018,"C","OTHER","E","T",7158.914,0.0043665204243162
6,2018,"C","OTHER","R","F",19644.2668,0.0119818581705153
6,2018,"C","OTHER","T","F",1612697.68129,0.983651621405168
6,2018,"C","SALMON","E","T",15153.5,0.00802776476624481
6,2018,"C","SALMON","R","F",20538.433,0.0108805034342746
6,2018,"C","SALMON","T","F",1851944.3445,0.981091731799481
6,2018,"C","SHRIMP","R","F",31834.5,0.0159034485786049
6,2018,"C","SHRIMP","T","F",1969901.1514,0.984096551421395
6,2018,"C","TUNA","E","T",4905.5,0.0107583239437578
6,2018,"C","TUNA","R","F",2398.84,0.0052609311607877
6,2018,"C","TUNA","T","F",448668.1726,0.983980744895454
6,2018,"C","WHITING","E","T",0.3,0.483870967741935
6,2018,"C","WHITING","R","F",0.02,0.032258064516129
6,2018,"C","WHITING","T","F",0.3,0.483870967741935
6,2018,"O","COASTAL PELAGIC","R","F",1026662.358,0.719050650419132
6,2018,"O","COASTAL PELAGIC","T","F",401140.2,0.280949349580868
6,2018,"O","CRAB","R","F",517664.95,0.693816976568441
6,2018,"O","CRAB","T","F",228446.73,0.306183023431559
6,2018,"O","NON-WHITING GROUNDFISH","R","F",2276982.41984659,0.948467133438603
6,2018,"O","NON-WHITING GROUNDFISH","T","F",123714.81,0.0515328665613972
6,2018,"O","OTHER","C","F",36519,0.0536408363966561
6,2018,"O","OTHER","R","F",570967.115153412,0.838663534374295
6,2018,"O","OTHER","T","F",73319.824,0.107695629229048
6,2018,"O","SALMON","C","F",2362.5,0.00197931767603825
6,2018,"O","SALMON","R","F",584419.698,0.489630577132841
6,2018,"O","SALMON","T","F",606810.942,0.508390105191121
6,2018,"O","SHELLFISH","C","F",7944.85,0.198389184251722
6,2018,"O","SHELLFISH","R","F",19985.19,0.499045990952084
6,2018,"O","SHELLFISH","T","F",12116.75,0.302564824796195
6,2018,"O","SHRIMP","R","F",5481625.487,0.874672151991658
6,2018,"O","SHRIMP","T","F",785437.52,0.125327848008342
6,2018,"O","TUNA","R","F",54697.25,0.466906448413207
6,2018,"O","TUNA","T","F",62450.95,0.533093551586794
6,2018,"O","WHITING","R","F",3210106.798,1
6,2018,"W","COASTAL PELAGIC","R","F",0.38,0.000355014107139521
6,2018,"W","COASTAL PELAGIC","T","F",1070,0.99964498589286
6,2018,"W","CRAB","T","F",4940902.442,1
6,2018,"W","NON-WHITING GROUNDFISH","R","F",256963.025,0.425614233355611
6,2018,"W","NON-WHITING GROUNDFISH","T","F",346783.29,0.574385766644389
6,2018,"W","OTHER","R","F",119751.9,0.262118836556669
6,2018,"W","OTHER","T","F",337109.2,0.737881163443331
6,2018,"W","SALMON","T","F",2263453.779,1
6,2018,"W","SHELLFISH","T","F",6707191.82,1
6,2018,"W","SHRIMP","T","F",2025858.935,1
6,2018,"W","TUNA","T","F",8721,1
6,2018,"W","WHITING","R","F",925211.92,1
6,2019,"C","COASTAL PELAGIC","E","T",19.5,3.95144919622174e-05
6,2019,"C","COASTAL PELAGIC","R","F",337339.787,0.683580015484493
6,2019,"C","COASTAL PELAGIC","T","F",156130.545,0.316380470023544
6,2019,"C","CRAB","R","F",188053.07,0.587004441998145
6,2019,"C","CRAB","T","F",132307.487,0.412995558001855
6,2019,"C","NON-WHITING GROUNDFISH","C","F",19383,0.0103907172167358
6,2019,"C","NON-WHITING GROUNDFISH","R","F",1701476.6629,0.912116950682
6,2019,"C","NON-WHITING GROUNDFISH","T","F",144555.3605,0.077492332101264
6,2019,"C","OTHER","C","F",455.26,0.000274109269031924
6,2019,"C","OTHER","E","T",159.6,9.60941864813405e-05
6,2019,"C","OTHER","R","F",1003599.4147,0.604261085894399
6,2019,"C","OTHER","T","F",656656.23,0.395368710650088
6,2019,"C","SALMON","E","T",3840,0.000767380776463149
6,2019,"C","SALMON","R","F",1819017.1793,0.363510108190375
6,2019,"C","SALMON","T","F",3181177.477,0.635722511033162
6,2019,"C","SHRIMP","R","F",512278.771,0.372331655617656
6,2019,"C","SHRIMP","T","F",863588.049,0.627668344382344
6,2019,"C","TUNA","R","F",431649.29,0.977675762705279
6,2019,"C","TUNA","T","F",9856.275,0.0223242372947213
6,2019,"C","WHITING","R","F",3.5,1
6,2019,"O","COASTAL PELAGIC","R","F",298784.843,0.853493616710788
6,2019,"O","COASTAL PELAGIC","T","F",51287.89,0.146506383289212
6,2019,"O","CRAB","R","F",349406.123,0.677412943187592
6,2019,"O","CRAB","T","F",166388.75,0.322587056812408
6,2019,"O","NON-WHITING GROUNDFISH","R","F",1634737.695,0.930311689142928
6,2019,"O","NON-WHITING GROUNDFISH","T","F",122455.85,0.0696883108570718
6,2019,"O","OTHER","C","F",4187,0.00533321974819306
6,2019,"O","OTHER","R","F",674021.32,0.858539243975914
6,2019,"O","OTHER","T","F",106870.9,0.136127536275893
6,2019,"O","SALMON","C","F",966,0.00247539144433479
6,2019,"O","SALMON","R","F",228293.33,0.585005544389957
6,2019,"O","SALMON","T","F",160981.98,0.412519064165708
6,2019,"O","SHELLFISH","R","F",45620.45,0.697882127616937
6,2019,"O","SHELLFISH","T","F",19749.4,0.302117872383063
6,2019,"O","SHRIMP","R","F",4829080.279,0.91033954018497
6,2019,"O","SHRIMP","T","F",475622.05,0.0896604598150299
6,2019,"O","WHITING","R","F",3146497.953,1
6,2019,"W","COASTAL PELAGIC","R","F",374.58,0.0257273904879124
6,2019,"W","COASTAL PELAGIC","T","F",14185,0.974272609512088
6,2019,"W","CRAB","R","F",77383.064,0.0239625835326802
6,2019,"W","CRAB","T","F",3151945.856,0.97603741646732
6,2019,"W","NON-WHITING GROUNDFISH","R","F",246356.56849,0.311253616318938
6,2019,"W","NON-WHITING GROUNDFISH","T","F",545141.282695,0.688746383681062
6,2019,"W","OTHER","R","F",271929.331,0.54912170691929
6,2019,"W","OTHER","T","F",223278.43,0.45087829308071
6,2019,"W","SALMON","T","F",638943.935,1
6,2019,"W","SHELLFISH","T","F",5092740.716,1
6,2019,"W","SHRIMP","R","F",1530051.35,0.651101066784868
6,2019,"W","SHRIMP","T","F",819893.118,0.348898933215132
6,2019,"W","TUNA","R","F",308,1
6,2019,"W","WHITING","R","F",912467.545,0.714756918388072
6,2019,"W","WHITING","T","F",364144.855,0.285243081611929
7,2018,"C","COASTAL PELAGIC","C","F",8549.5,0.00251232370518834
7,2018,"C","COASTAL PELAGIC","R","F",720657.51,0.211769687782327
7,2018,"C","COASTAL PELAGIC","T","F",2673817.84,0.785717988512485
7,2018,"C","CRAB","R","F",122841.65,0.204164415314288
7,2018,"C","CRAB","T","F",478838.3725,0.795835584685712
7,2018,"C","NON-WHITING GROUNDFISH","E","T",3838,0.00210455973473449
7,2018,"C","NON-WHITING GROUNDFISH","R","F",1401829.9021,0.768690663602515
7,2018,"C","NON-WHITING GROUNDFISH","T","F",417991.4299,0.22920477666275
7,2018,"C","OTHER","R","F",216577.7715,0.0981567939361503
7,2018,"C","OTHER","T","F",1989869.3099,0.90184320606385
7,2018,"C","SALMON","R","F",165399.18316,0.123157152380596
7,2018,"C","SALMON","T","F",1177593.7325,0.876842847619404
7,2018,"C","SHRIMP","R","F",344055.443,0.224305587499825
7,2018,"C","SHRIMP","T","F",1189813.8058,0.775694412500175
7,2018,"C","TUNA","R","F",195469.81,0.22308983008336
7,2018,"C","TUNA","T","F",680723.4702,0.77691016991664
7,2018,"C","WHITING","R","F",11.75,1
7,2018,"O","COASTAL PELAGIC","R","F",154.13,0.104556585918474
7,2018,"O","COASTAL PELAGIC","T","F",1320,0.895443414081526
7,2018,"O","CRAB","R","F",155531,0.491775127316704
7,2018,"O","CRAB","T","F",160733.47,0.508224872683296
7,2018,"O","NON-WHITING GROUNDFISH","R","F",2243190.751,0.950131386977661
7,2018,"O","NON-WHITING GROUNDFISH","T","F",117736.15,0.0498686130223394
7,2018,"O","OTHER","C","F",37016,0.0476436453848979
7,2018,"O","OTHER","R","F",629603.552,0.810368715273399
7,2018,"O","OTHER","T","F",110315.12,0.141987639341703
7,2018,"O","SALMON","C","F",177.5,0.000252203118566156
7,2018,"O","SALMON","R","F",303159,0.430747297021957
7,2018,"O","SALMON","T","F",400461.3,0.569000499859477
7,2018,"O","SHELLFISH","C","F",260182.4,0.920602076271486
7,2018,"O","SHELLFISH","R","F",7315.45,0.0258842199121088
7,2018,"O","SHELLFISH","T","F",15124.15,0.0535137038164049
7,2018,"O","SHRIMP","R","F",6502101.773,0.869039209631192
7,2018,"O","SHRIMP","T","F",979841.16,0.130960790368808
7,2018,"O","TUNA","R","F",3989392.975,0.865782388217092
7,2018,"O","TUNA","T","F",618454.25,0.134217611782908
7,2018,"O","WHITING","R","F",3495053.305,1
7,2018,"W","COASTAL PELAGIC","R","F",9.68,0.00146668000012121
7,2018,"W","COASTAL PELAGIC","T","F",6590.26,0.998533319999879
7,2018,"W","CRAB","T","F",2343612.2,1
7,2018,"W","NON-WHITING GROUNDFISH","R","F",532259.327511,0.516776747345709
7,2018,"W","NON-WHITING GROUNDFISH","T","F",497700.573442,0.483223252654291
7,2018,"W","OTHER","R","F",326482.06,0.540493435541043
7,2018,"W","OTHER","T","F",277562.39,0.459506564458957
7,2018,"W","SALMON","T","F",1467167.403,1
7,2018,"W","SHELLFISH","T","F",5479144.457,1
7,2018,"W","SHRIMP","T","F",2258228.091,1
7,2018,"W","TUNA","T","F",3185892.56,1
7,2018,"W","WHITING","R","F",1241265.08,0.802520117245843
7,2018,"W","WHITING","T","F",305443.91,0.197479882754157
7,2019,"C","COASTAL PELAGIC","R","F",2130382.1226,1
7,2019,"C","CRAB","R","F",310179.8445,0.999725718288487
7,2019,"C","CRAB","T","F",85.1,0.000274281711513174
7,2019,"C","NON-WHITING GROUNDFISH","C","F",3152,0.00189115340064052
7,2019,"C","NON-WHITING GROUNDFISH","E","T",95.5,5.72985881221984e-05
7,2019,"C","NON-WHITING GROUNDFISH","R","F",1663460.234514,0.998051548011237
7,2019,"C","OTHER","C","F",336.7,0.00020794717672364
7,2019,"C","OTHER","E","T",1539.5,0.000950800946142096
7,2019,"C","OTHER","R","F",1616430.499036,0.998313509487736
7,2019,"C","OTHER","T","F",854.5,0.00052774238939813
7,2019,"C","SALMON","E","T",2445.21,0.000912370853937994
7,2019,"C","SALMON","R","F",2677616.2907,0.999087629146062
7,2019,"C","SHRIMP","R","F",1261711.32363,1
7,2019,"C","TUNA","R","F",1256297.1375,1
7,2019,"C","WHITING","R","F",0.43,1
7,2019,"O","COASTAL PELAGIC","R","F",127521.287,0.723714791669035
7,2019,"O","COASTAL PELAGIC","T","F",48682.5,0.276285208330965
7,2019,"O","CRAB","R","F",178916.32,0.597474499616502
7,2019,"O","CRAB","T","F",120538,0.402525500383498
7,2019,"O","NON-WHITING GROUNDFISH","R","F",2595825.31057188,0.951753396605138
7,2019,"O","NON-WHITING GROUNDFISH","T","F",131588.45,0.0482466033948618
7,2019,"O","OTHER","C","F",13544.75,0.015921472041659
7,2019,"O","OTHER","R","F",762550.01742812,0.89635606289141
7,2019,"O","OTHER","T","F",74627.45,0.0877224650669306
7,2019,"O","SALMON","R","F",834695.2,0.623657535252693
7,2019,"O","SALMON","T","F",503691.9,0.376342464747307
7,2019,"O","SHELLFISH","C","F",252061.45,0.797484291016625
7,2019,"O","SHELLFISH","R","F",33066.6,0.104617719438376
7,2019,"O","SHELLFISH","T","F",30942.69,0.0978979895449987
7,2019,"O","SHRIMP","R","F",3623927.965,0.874177898977384
7,2019,"O","SHRIMP","T","F",521598.9,0.125822101022616
7,2019,"O","TUNA","R","F",403095.29,0.662520210307508
7,2019,"O","TUNA","T","F",205331.87,0.337479789692492
7,2019,"O","WHITING","R","F",4769073.926,1
7,2019,"W","COASTAL PELAGIC","R","F",258.88,0.020015648823091
7,2019,"W","COASTAL PELAGIC","T","F",12675,0.979984351176909
7,2019,"W","CRAB","R","F",59021.666,0.0301228346247337
7,2019,"W","CRAB","T","F",1900344.6,0.969877165375266
7,2019,"W","NON-WHITING GROUNDFISH","R","F",479821.5719,0.629100245901464
7,2019,"W","NON-WHITING GROUNDFISH","T","F",282889.26,0.370899754098536
7,2019,"W","OTHER","R","F",322331.969,0.684421723519396
7,2019,"W","OTHER","T","F",148623.23,0.315578276480604
7,2019,"W","SALMON","T","F",2360602.505,1
7,2019,"W","SHELLFISH","T","F",4482369.4,1
7,2019,"W","SHRIMP","R","F",1387544.55,0.600082821744915
7,2019,"W","SHRIMP","T","F",924710.525,0.399917178255085
7,2019,"W","TUNA","R","F",433047.19,0.363812695424049
7,2019,"W","TUNA","T","F",757255.39,0.636187304575951
7,2019,"W","WHITING","R","F",1617421.76,0.868309541261556
7,2019,"W","WHITING","T","F",245303.09,0.131690458738444
8,2018,"C","COASTAL PELAGIC","R","F",190108.96,0.22495910471138
8,2018,"C","COASTAL PELAGIC","T","F",654973.3506,0.77504089528862
8,2018,"C","CRAB","R","F",116098.875,0.405627888183274
8,2018,"C","CRAB","T","F",170121.275,0.594372111816726
8,2018,"C","NON-WHITING GROUNDFISH","C","F",2001.6,0.00105338260858386
8,2018,"C","NON-WHITING GROUNDFISH","R","F",1556286.4949,0.819027341977219
8,2018,"C","NON-WHITING GROUNDFISH","T","F",341876.1794,0.179919275414197
8,2018,"C","OTHER","R","F",166037.2155,0.0817550075001467
8,2018,"C","OTHER","T","F",1864874.65861,0.918244992499853
8,2018,"C","SALMON","R","F",278394.58321,0.114832236747958
8,2018,"C","SALMON","T","F",2145964.561,0.885167763252042
8,2018,"C","SHELLFISH","T","F",6.8,1
8,2018,"C","SHRIMP","R","F",214448.731,0.138498523014788
8,2018,"C","SHRIMP","T","F",1333934.07,0.861501476985212
8,2018,"C","TUNA","R","F",910895.0652,0.561558520243657
8,2018,"C","TUNA","T","F",711188.8893,0.438441479756343
8,2018,"C","WHITING","R","F",1.4,0.4
8,2018,"C","WHITING","T","F",2.1,0.6
8,2018,"O","COASTAL PELAGIC","R","F",1613.287,0.709671502102462
8,2018,"O","COASTAL PELAGIC","T","F",660,0.290328497897538
8,2018,"O","CRAB","R","F",110624,0.51919755292296
8,2018,"O","CRAB","T","F",102443.26,0.48080244707704
8,2018,"O","NON-WHITING GROUNDFISH","R","F",3319190.86,0.956458035724688
8,2018,"O","NON-WHITING GROUNDFISH","T","F",151103.43,0.0435419642753122
8,2018,"O","OTHER","C","F",50046.5,0.226430045666556
8,2018,"O","OTHER","R","F",101069.775,0.457279405528029
8,2018,"O","OTHER","T","F",69907.838,0.316290548805415
8,2018,"O","SALMON","C","F",3025.75,0.00219580407476866
8,2018,"O","SALMON","R","F",802622.85,0.582467991252561
8,2018,"O","SALMON","T","F",572320.425,0.41533620467267
8,2018,"O","SHELLFISH","C","F",17187.6,0.494790159814493
8,2018,"O","SHELLFISH","R","F",3828.9,0.110224932097193
8,2018,"O","SHELLFISH","T","F",13720.65,0.394984908088315
8,2018,"O","SHRIMP","R","F",3894185.881,0.845384982352056
8,2018,"O","SHRIMP","T","F",712219.44,0.154615017647944
8,2018,"O","TUNA","R","F",2497561.1,0.797616299846981
8,2018,"O","TUNA","T","F",633720.32,0.202383700153019
8,2018,"O","WHITING","R","F",4455669.687,1
8,2018,"W","COASTAL PELAGIC","R","F",1004.08,0.0563633281352971
8,2018,"W","COASTAL PELAGIC","T","F",16810.34,0.943636671864703
8,2018,"W","CRAB","T","F",5077418.137,1
8,2018,"W","NON-WHITING GROUNDFISH","R","F",679610.682909,0.604961678376813
8,2018,"W","NON-WHITING GROUNDFISH","T","F",443783.917444,0.395038321623187
8,2018,"W","OTHER","R","F",51131.78,0.038809294923507
8,2018,"W","OTHER","T","F",1266381.978,0.961190705076493
8,2018,"W","SALMON","T","F",14229741.909,1
8,2018,"W","SHELLFISH","T","F",5622650.721,1
8,2018,"W","SHRIMP","T","F",1903143.433,1
8,2018,"W","TUNA","T","F",6826746.674,1
8,2018,"W","WHITING","R","F",964495.8,0.899483368356527
8,2018,"W","WHITING","T","F",107781.725,0.100516631643473
8,2019,"C","COASTAL PELAGIC","R","F",1508188.2374,1
8,2019,"C","CRAB","R","F",322374.34575,1
8,2019,"C","NON-WHITING GROUNDFISH","C","F",10924.2,0.00535985893904996
8,2019,"C","NON-WHITING GROUNDFISH","E","T",23,1.12847398984044e-05
8,2019,"C","NON-WHITING GROUNDFISH","R","F",2027203.453632,0.994628856321052
8,2019,"C","OTHER","E","T",1118.5,0.000621775057764495
8,2019,"C","OTHER","R","F",1797763.565198,0.999378224942235
8,2019,"C","SALMON","E","T",726.25,0.000203644533659841
8,2019,"C","SALMON","R","F",3565536.9192,0.99979635546634
8,2019,"C","SHRIMP","R","F",1247421.39182,1
8,2019,"C","TUNA","C","F",710,0.000667438652847426
8,2019,"C","TUNA","R","F",1063058.1785,0.999332561347153
8,2019,"C","WHITING","R","F",1.1,1
8,2019,"O","COASTAL PELAGIC","R","F",726975.814,0.998763525339503
8,2019,"O","COASTAL PELAGIC","T","F",900,0.00123647466049751
8,2019,"O","CRAB","R","F",62046.5,0.563453378527174
8,2019,"O","CRAB","T","F",48071.75,0.436546621472826
8,2019,"O","NON-WHITING GROUNDFISH","R","F",2602778.64200457,0.946120214475743
8,2019,"O","NON-WHITING GROUNDFISH","T","F",148223.4,0.0538797855242573
8,2019,"O","OTHER","C","F",1106,0.00588139406325531
8,2019,"O","OTHER","R","F",155663.98399543,0.827776881856592
8,2019,"O","OTHER","T","F",31280.67,0.166341724080152
8,2019,"O","SALMON","C","F",5728.6,0.0087464237278643
8,2019,"O","SALMON","R","F",386387.998,0.589937009717764
8,2019,"O","SALMON","T","F",262848.24,0.401316566554371
8,2019,"O","SHELLFISH","C","F",797.5,0.0342715943274602
8,2019,"O","SHELLFISH","R","F",11132.4,0.478401375161152
8,2019,"O","SHELLFISH","T","F",11340.1,0.487327030511388
8,2019,"O","SHRIMP","R","F",3113973.502,0.860361741890739
8,2019,"O","SHRIMP","T","F",505403.5,0.139638258109261
8,2019,"O","TUNA","R","F",4263383.41,0.777092663101396
8,2019,"O","TUNA","T","F",1222942.24,0.222907336898604
8,2019,"O","WHITING","R","F",4771891.508,1
8,2019,"W","COASTAL PELAGIC","R","F",827.6,0.0336866441980495
8,2019,"W","COASTAL PELAGIC","T","F",23740,0.966313355801951
8,2019,"W","CRAB","R","F",110006.25,0.0318075301078467
8,2019,"W","CRAB","T","F",3348490.83,0.968192469892153
8,2019,"W","NON-WHITING GROUNDFISH","R","F",692596.729635,0.759653803943738
8,2019,"W","NON-WHITING GROUNDFISH","T","F",219130.0675447,0.240346196056262
8,2019,"W","OTHER","R","F",123244.209,0.0620420048196403
8,2019,"W","OTHER","T","F",1863219.79,0.93795799518036
8,2019,"W","SALMON","T","F",4335278.779,1
8,2019,"W","SHELLFISH","T","F",5278763.17,1
8,2019,"W","SHRIMP","R","F",875431.2,0.475281519301445
8,2019,"W","SHRIMP","T","F",966490.197,0.524718480698555
8,2019,"W","TUNA","C","F",49723.96,0.00716696010652755
8,2019,"W","TUNA","E","T",1462.5,0.000210797353143164
8,2019,"W","TUNA","R","F",2113025.742,0.304560843444082
8,2019,"W","TUNA","T","F",4773730.7,0.688061399096248
8,2019,"W","WHITING","R","F",1874273.22,0.915458779542424
8,2019,"W","WHITING","T","F",173086.27,0.0845412204575758
9,2018,"C","COASTAL PELAGIC","R","F",124760.9,0.269891364966381
9,2018,"C","COASTAL PELAGIC","T","F",337502.5,0.730108635033619
9,2018,"C","CRAB","R","F",110232.485,0.434125478949224
9,2018,"C","CRAB","T","F",143686.0025,0.565874521050776
9,2018,"C","NON-WHITING GROUNDFISH","C","F",1997,0.00113544526617937
9,2018,"C","NON-WHITING GROUNDFISH","R","F",1430554.2547,0.813378095399038
9,2018,"C","NON-WHITING GROUNDFISH","T","F",326230.1322,0.185486459334783
9,2018,"C","OTHER","C","F",1664,0.0010347934801629
9,2018,"C","OTHER","R","F",163130.0124,0.101445837289912
9,2018,"C","OTHER","T","F",1443256.32025,0.897519369229925
9,2018,"C","SALMON","R","F",105344.3144,0.0988448703841622
9,2018,"C","SALMON","T","F",960409.6695,0.901155129615838
9,2018,"C","SHRIMP","R","F",332977.204,0.226886169529298
9,2018,"C","SHRIMP","T","F",1134618.66,0.773113830470702
9,2018,"C","TUNA","R","F",660090.086,0.448137676998733
9,2018,"C","TUNA","T","F",812872.6214,0.551862323001267
9,2018,"C","WHITING","R","F",8.7,1
9,2018,"O","COASTAL PELAGIC","R","F",1109.925,0.887993279596776
9,2018,"O","COASTAL PELAGIC","T","F",140,0.112006720403224
9,2018,"O","CRAB","R","F",15035,0.737914110429448
9,2018,"O","CRAB","T","F",5340,0.262085889570552
9,2018,"O","NON-WHITING GROUNDFISH","R","F",3293952.265,0.947899876454827
9,2018,"O","NON-WHITING GROUNDFISH","T","F",181047.94,0.0521001235451726
9,2018,"O","OTHER","C","F",39211,0.182337795984741
9,2018,"O","OTHER","R","F",100716.925,0.468350772050203
9,2018,"O","OTHER","T","F",75118,0.349311431965056
9,2018,"O","SALMON","C","F",7516.7,0.00808320234481369
9,2018,"O","SALMON","R","F",303542.4,0.326419125338297
9,2018,"O","SALMON","T","F",618857,0.66549767231689
9,2018,"O","SHELLFISH","C","F",45961.89,0.917398599288147
9,2018,"O","SHELLFISH","R","F",817.3,0.0163132951059715
9,2018,"O","SHELLFISH","T","F",3321.05,0.0662881056058813
9,2018,"O","SHRIMP","R","F",3038058.284,0.873698366971515
9,2018,"O","SHRIMP","T","F",439181,0.126301633028485
9,2018,"O","TUNA","R","F",1187709.7,0.750947673112514
9,2018,"O","TUNA","T","F",393904.762,0.249052326887486
9,2018,"O","WHITING","R","F",3492075.258,1
9,2018,"W","COASTAL PELAGIC","R","F",206.3,0.0176826853681993
9,2018,"W","COASTAL PELAGIC","T","F",11460.48,0.982317314631801
9,2018,"W","CRAB","T","F",2705485.103,1
9,2018,"W","NON-WHITING GROUNDFISH","R","F",851455.483905,0.779684278972367
9,2018,"W","NON-WHITING GROUNDFISH","T","F",240596.14118,0.220315721027633
9,2018,"W","OTHER","R","F",57744.88,0.0587744796980026
9,2018,"W","OTHER","T","F",924737.318,0.941225520301997
9,2018,"W","SALMON","T","F",4220850.863,1
9,2018,"W","SHELLFISH","T","F",5690609.638,1
9,2018,"W","SHRIMP","T","F",524993.103,1
9,2018,"W","TUNA","T","F",4575817.995,1
9,2018,"W","WHITING","R","F",579251.45,0.771701612183548
9,2018,"W","WHITING","T","F",171364.385,0.228298387816452
9,2019,"C","COASTAL PELAGIC","R","F",601795.623,1
9,2019,"C","CRAB","C","F",1108.4,0.00443698158339604
9,2019,"C","CRAB","E","T",2083.25,0.00833935572321347
9,2019,"C","CRAB","R","F",246617.816,0.98722366269339
9,2019,"C","NON-WHITING GROUNDFISH","C","F",4187,0.00298433080999886
9,2019,"C","NON-WHITING GROUNDFISH","E","T",36,2.56594003248051e-05
9,2019,"C","NON-WHITING GROUNDFISH","R","F",1398771.5963,0.996990009789676
9,2019,"C","OTHER","C","F",4489.22,0.00298118064324127
9,2019,"C","OTHER","E","T",414.75,0.000275425279176409
9,2019,"C","OTHER","R","F",1500949.092,0.996743394077582
9,2019,"C","SALMON","E","T",1297.6,0.00235715101407339
9,2019,"C","SALMON","R","F",549197.4647,0.997642848985927
9,2019,"C","SHRIMP","R","F",735095.434,1
9,2019,"C","TUNA","R","F",903087.4165,1
9,2019,"C","WHITING","R","F",1.16,1
9,2019,"O","COASTAL PELAGIC","R","F",502738.871,0.994149171605456
9,2019,"O","COASTAL PELAGIC","T","F",2958.75,0.0058508283945437
9,2019,"O","CRAB","R","F",3688.75,1
9,2019,"O","NON-WHITING GROUNDFISH","R","F",2175470.74921166,0.953682580475523
9,2019,"O","NON-WHITING GROUNDFISH","T","F",105655.9,0.0463174195244766
9,2019,"O","OTHER","C","F",866.5,0.00767371951856669
9,2019,"O","OTHER","R","F",93510.06178834,0.828124623574797
9,2019,"O","OTHER","T","F",18541.3,0.164201656906636
9,2019,"O","SALMON","C","F",8226.8,0.00755740392941461
9,2019,"O","SALMON","R","F",502664.1,0.461763461432837
9,2019,"O","SALMON","T","F",577683.97,0.530679134637749
9,2019,"O","SHELLFISH","C","F",2754.55,0.350088648538729
9,2019,"O","SHELLFISH","R","F",151.4,0.0192421344280422
9,2019,"O","SHELLFISH","T","F",4962.2,0.630669217033229
9,2019,"O","SHRIMP","R","F",1504803.936,0.826554196473119
9,2019,"O","SHRIMP","T","F",315771.1,0.173445803526881
9,2019,"O","TUNA","R","F",2708527.075,0.822766837762234
9,2019,"O","TUNA","T","F",583446.97,0.177233162237766
9,2019,"O","WHITING","R","F",3987886.846,1
9,2019,"W","COASTAL PELAGIC","T","F",3110,1
9,2019,"W","CRAB","R","F",22313.6,0.00659592644727334
9,2019,"W","CRAB","T","F",3360622.85,0.993404073552727
9,2019,"W","NON-WHITING GROUNDFISH","R","F",778134.506565,0.915149159296819
9,2019,"W","NON-WHITING GROUNDFISH","T","F",72147.11,0.084850840703181
9,2019,"W","OTHER","R","F",130034.115,0.181806535906609
9,2019,"W","OTHER","T","F",585199.33,0.818193464093391
9,2019,"W","SALMON","T","F",2418348.083,1
9,2019,"W","SHELLFISH","T","F",2342251.88,1
9,2019,"W","SHRIMP","R","F",146052.05,0.391320407446574
9,2019,"W","SHRIMP","T","F",227176.76,0.608679592553426
9,2019,"W","TUNA","C","F",61233.05,0.0106895198229388
9,2019,"W","TUNA","E","T",75587.13,0.0131953271067512
9,2019,"W","TUNA","R","F",1703618.215,0.297402475949868
9,2019,"W","TUNA","T","F",3887887.2,0.678712677120442
9,2019,"W","WHITING","R","F",1230870.075,1
10,2018,"C","COASTAL PELAGIC","R","F",541322.3,0.493185204688939
10,2018,"C","COASTAL PELAGIC","T","F",556282.2,0.506814795311061
10,2018,"C","CRAB","R","F",82672.19,0.447235399514547
10,2018,"C","CRAB","T","F",102179.4342,0.552764600485452
10,2018,"C","NON-WHITING GROUNDFISH","C","F",805.6,0.00039136925949676
10,2018,"C","NON-WHITING GROUNDFISH","E","T",5658.475,0.00274894882153789
10,2018,"C","NON-WHITING GROUNDFISH","R","F",1767340.5459,0.85859329782458
10,2018,"C","NON-WHITING GROUNDFISH","T","F",284609.47385,0.138266384094385
10,2018,"C","OTHER","R","F",733756.40822,0.124462067817673
10,2018,"C","OTHER","T","F",5161665.55516,0.875537932182327
10,2018,"C","SALMON","R","F",24937.262,0.0942296919245927
10,2018,"C","SALMON","T","F",239706.095,0.905770308075407
10,2018,"C","SHRIMP","R","F",429172.797,0.40572373466014
10,2018,"C","SHRIMP","T","F",628622.8416,0.59427626533986
10,2018,"C","TUNA","R","F",7574.464,0.0199613216503925
10,2018,"C","TUNA","T","F",371882.5746,0.980038678349608
10,2018,"C","WHITING","R","F",46.4,1
10,2018,"O","COASTAL PELAGIC","R","F",28.95,1
10,2018,"O","CRAB","R","F",29112.5,0.701920410844957
10,2018,"O","CRAB","T","F",12363,0.298079589155043
10,2018,"O","NON-WHITING GROUNDFISH","R","F",4437610.299,0.978157174539109
10,2018,"O","NON-WHITING GROUNDFISH","T","F",99094.45,0.0218428254608905
10,2018,"O","OTHER","R","F",94058.325,0.40240693345033
10,2018,"O","OTHER","T","F",139681,0.59759306654967
10,2018,"O","SALMON","C","F",1470.9,0.006221428547259
10,2018,"O","SALMON","R","F",87172.1,0.368709627754787
10,2018,"O","SALMON","T","F",147781.8,0.625068943697954
10,2018,"O","SHELLFISH","C","F",55906.36,0.993428833808135
10,2018,"O","SHELLFISH","R","F",276,0.00490438580031047
10,2018,"O","SHELLFISH","T","F",93.8,0.00166678039155479
10,2018,"O","SHRIMP","R","F",1430652.316,0.937365553305984
10,2018,"O","SHRIMP","T","F",95595.7,0.0626344466940162
10,2018,"O","TUNA","R","F",211349.85,0.758626243375297
10,2018,"O","TUNA","T","F",67245.64,0.241373756624703
10,2018,"O","WHITING","R","F",684138.425,1
10,2018,"W","COASTAL PELAGIC","R","F",1024.68,0.850385075023237
10,2018,"W","COASTAL PELAGIC","T","F",180.28,0.149614924976763
10,2018,"W","CRAB","T","F",9619646.82,1
10,2018,"W","NON-WHITING GROUNDFISH","R","F",1495813.07153,0.70158784815732
10,2018,"W","NON-WHITING GROUNDFISH","T","F",636226.52331,0.29841215184268
10,2018,"W","OTHER","R","F",67903.46,0.13568005751806
10,2018,"W","OTHER","T","F",432564.046,0.86431994248194
10,2018,"W","SALMON","T","F",6013408.231,1
10,2018,"W","SHELLFISH","T","F",4523198.696,1
10,2018,"W","SHRIMP","T","F",29509.18,1
10,2018,"W","TUNA","T","F",64112.9,1
10,2018,"W","WHITING","R","F",482375.7576,0.865701462341796
10,2018,"W","WHITING","T","F",74832.21603,0.134298537658204
10,2019,"C","COASTAL PELAGIC","R","F",1620133.142,1
10,2019,"C","CRAB","C","F",407.5,0.00164873365370352
10,2019,"C","CRAB","E","T",0.75,3.03447911724575e-06
10,2019,"C","CRAB","R","F",246751.1375,0.998348231867179
10,2019,"C","NON-WHITING GROUNDFISH","C","F",19055.995,0.0101815281180029
10,2019,"C","NON-WHITING GROUNDFISH","E","T",195,0.000104187578922569
10,2019,"C","NON-WHITING GROUNDFISH","R","F",1852373.2621,0.989714284303074
10,2019,"C","OTHER","C","F",2121.63,0.000459538437846173
10,2019,"C","OTHER","E","T",1077,0.000233274839420789
10,2019,"C","OTHER","R","F",4613673.05095,0.999307186722733
10,2019,"C","SALMON","R","F",87559.4512,1
10,2019,"C","SHELLFISH","R","F",580,1
10,2019,"C","SHRIMP","R","F",1030694.632,1
10,2019,"C","TUNA","C","F",555,0.000519036910056314
10,2019,"C","TUNA","R","F",1068733.1166,0.999480963089944
10,2019,"C","WHITING","R","F",5.467,1
10,2019,"O","COASTAL PELAGIC","R","F",88738.34,0.90095850213507
10,2019,"O","COASTAL PELAGIC","T","F",9754.92,0.0990414978649301
10,2019,"O","CRAB","R","F",42598.75,0.771286828442489
10,2019,"O","CRAB","T","F",12632,0.228713171557511
10,2019,"O","NON-WHITING GROUNDFISH","R","F",3587253.087,0.9704887666726
10,2019,"O","NON-WHITING GROUNDFISH","T","F",109083.45,0.0295112333273998
10,2019,"O","OTHER","C","F",93,0.00054259850423679
10,2019,"O","OTHER","R","F",82317.4,0.480272022716791
10,2019,"O","OTHER","T","F",88987.05,0.519185378778973
10,2019,"O","SALMON","C","F",498.05,0.00234545387416895
10,2019,"O","SALMON","R","F",109243.21,0.514456199420044
10,2019,"O","SALMON","T","F",102605.7,0.483198346705788
10,2019,"O","SHELLFISH","C","F",9318.8,0.516872628846538
10,2019,"O","SHELLFISH","R","F",6524.4,0.361879617509374
10,2019,"O","SHELLFISH","T","F",2186,0.121247753644089
10,2019,"O","SHRIMP","R","F",531590.01,0.938270159142329
10,2019,"O","SHRIMP","T","F",34973.9,0.0617298408576713
10,2019,"O","TUNA","R","F",1253301.915,0.858654255350493
10,2019,"O","TUNA","T","F",206309.922,0.141345744649507
10,2019,"O","WHITING","R","F",2887002.065,1
10,2019,"W","COASTAL PELAGIC","R","F",577.034,1
10,2019,"W","CRAB","R","F",14181.95,0.00175228731786355
10,2019,"W","CRAB","T","F",8079211.1,0.998247712682136
10,2019,"W","NON-WHITING GROUNDFISH","C","F",137.334,0.00011283932091936
10,2019,"W","NON-WHITING GROUNDFISH","R","F",1061777.856145,0.872400805733579
10,2019,"W","NON-WHITING GROUNDFISH","T","F",155160.549775,0.127486354945502
10,2019,"W","OTHER","R","F",144744.084,0.19109022563528
10,2019,"W","OTHER","T","F",612720.53,0.80890977436472
10,2019,"W","SALMON","T","F",2115654.894,1
10,2019,"W","SHELLFISH","T","F",2457186.67,1
10,2019,"W","SHRIMP","R","F",33144.3,0.318644515574158
10,2019,"W","SHRIMP","T","F",70872.24,0.681355484425842
10,2019,"W","TUNA","E","T",1734,0.00218368982174618
10,2019,"W","TUNA","R","F",442608.85,0.557393564452008
10,2019,"W","TUNA","T","F",349725.97,0.440422745726246
10,2019,"W","WHITING","R","F",868801.925,1
11,2018,"C","COASTAL PELAGIC","R","F",6419734.81,0.719325444013075
11,2018,"C","COASTAL PELAGIC","T","F",2504924.902,0.280674555986925
11,2018,"C","CRAB","E","T",812.4,0.00010658629478257
11,2018,"C","CRAB","R","F",987495.71502,0.129558726461898
11,2018,"C","CRAB","T","F",6633684.9532,0.870334687243319
11,2018,"C","NON-WHITING GROUNDFISH","C","F",2318.5,0.0012867323294242
11,2018,"C","NON-WHITING GROUNDFISH","R","F",1502817.2821,0.83404079452037
11,2018,"C","NON-WHITING GROUNDFISH","T","F",296715.2688,0.164672473150206
11,2018,"C","OTHER","R","F",602675.52175,0.133083006526918
11,2018,"C","OTHER","T","F",3925893.0572,0.866916993473082
11,2018,"C","SHRIMP","R","F",7775.9,0.0285868026205035
11,2018,"C","SHRIMP","T","F",264234.2336,0.971413197379496
11,2018,"C","TUNA","R","F",9503.6912,0.0303397780225151
11,2018,"C","TUNA","T","F",303738.2578,0.969660221977485
11,2018,"C","WHITING","R","F",12.05,1
11,2018,"O","CRAB","R","F",55729.5,0.814770683781927
11,2018,"O","CRAB","T","F",12669.5,0.185229316218073
11,2018,"O","NON-WHITING GROUNDFISH","R","F",3408952.479,0.968235891731669
11,2018,"O","NON-WHITING GROUNDFISH","T","F",111834.664,0.0317641082683311
11,2018,"O","OTHER","R","F",52004.025,0.342884679829013
11,2018,"O","OTHER","T","F",99662.2,0.657115320170987
11,2018,"O","SALMON","R","F",2288,0.0501710376282782
11,2018,"O","SALMON","T","F",43316,0.949828962371722
11,2018,"O","SHELLFISH","C","F",48490.57,0.977046035071289
11,2018,"O","SHELLFISH","R","F",172.5,0.00347573643802903
11,2018,"O","SHELLFISH","T","F",966.7,0.0194782284906821
11,2018,"O","SHRIMP","R","F",2454.583,0.76787713630461
11,2018,"O","SHRIMP","T","F",742,0.23212286369539
11,2018,"O","WHITING","R","F",312.91,1
11,2018,"W","COASTAL PELAGIC","R","F",14.1,1
11,2018,"W","CRAB","T","F",8474086.218,1
11,2018,"W","NON-WHITING GROUNDFISH","R","F",463483.39771,0.938765673267715
11,2018,"W","NON-WHITING GROUNDFISH","T","F",30232.3515,0.061234326732285
11,2018,"W","OTHER","R","F",1.76,4.10136925610809e-06
11,2018,"W","OTHER","T","F",429123.22,0.999995898630744
11,2018,"W","SALMON","T","F",2862396.437,1
11,2018,"W","SHELLFISH","T","F",3758902.487,1
11,2018,"W","SHRIMP","T","F",4391.74,1
11,2018,"W","WHITING","R","F",1735.78,1
11,2019,"C","COASTAL PELAGIC","R","F",2193232.76,1
11,2019,"C","CRAB","R","F",190603.978,1
11,2019,"C","NON-WHITING GROUNDFISH","C","F",14946.166,0.010272292744781
11,2019,"C","NON-WHITING GROUNDFISH","R","F",1440051.8925,0.989727707255219
11,2019,"C","OTHER","C","F",9371.4,0.00243288100362132
11,2019,"C","OTHER","E","T",8197.805,0.00212820753098703
11,2019,"C","OTHER","R","F",3834407.1087,0.995438911465392
11,2019,"C","SHELLFISH","R","F",2817.45,1
11,2019,"C","SHRIMP","E","T",1852,0.00703523925511555
11,2019,"C","SHRIMP","R","F",261394.2,0.992964760744884
11,2019,"C","TUNA","R","F",342487.346,1
11,2019,"C","WHITING","R","F",3.407,1
11,2019,"O","CRAB","R","F",81044.5,0.739899301133433
11,2019,"O","CRAB","T","F",28490,0.260100698866567
11,2019,"O","NON-WHITING GROUNDFISH","R","F",3125505.794,0.956071436110826
11,2019,"O","NON-WHITING GROUNDFISH","T","F",143607.45,0.0439285638891743
11,2019,"O","OTHER","R","F",102274.65,0.493503607739649
11,2019,"O","OTHER","T","F",104967.3,0.506496392260351
11,2019,"O","SALMON","T","F",1700,1
11,2019,"O","SHELLFISH","C","F",7665.1,0.420129791828815
11,2019,"O","SHELLFISH","R","F",4105,0.224998081624152
11,2019,"O","SHELLFISH","T","F",6474.5,0.354872126547033
11,2019,"O","SHRIMP","R","F",14743.701,0.932130849193862
11,2019,"O","SHRIMP","T","F",1073.5,0.0678691508061382
11,2019,"O","WHITING","R","F",292195.47,1
11,2019,"W","CRAB","R","F",14570.55,0.0023811479231164
11,2019,"W","CRAB","T","F",6104557.9,0.997618852076884
11,2019,"W","NON-WHITING GROUNDFISH","R","F",479141.883785,0.792151935845631
11,2019,"W","NON-WHITING GROUNDFISH","T","F",125719.20675,0.207848064154369
11,2019,"W","OTHER","R","F",94.31,0.000364996753305309
11,2019,"W","OTHER","T","F",258291.55,0.999635003246695
11,2019,"W","SALMON","T","F",529750.28,1
11,2019,"W","SHELLFISH","T","F",2642923.53,1
11,2019,"W","SHRIMP","T","F",3383.8,1
11,2019,"W","WHITING","R","F",58861.14,1
12,2018,"C","COASTAL PELAGIC","R","F",2984759.9,0.439344623128865
12,2018,"C","COASTAL PELAGIC","T","F",3808904.442,0.560655376871135
12,2018,"C","CRAB","R","F",656203.4188,0.133860009150409
12,2018,"C","CRAB","T","F",4245958.3468,0.866139990849591
12,2018,"C","NON-WHITING GROUNDFISH","R","F",994876.9285,0.899734663324602
12,2018,"C","NON-WHITING GROUNDFISH","T","F",110867.875,0.100265336675399
12,2018,"C","OTHER","R","F",679795.6661,0.181675921868999
12,2018,"C","OTHER","T","F",3062008.196,0.818324078131
12,2018,"C","SHRIMP","R","F",15600.2,0.0458031806761921
12,2018,"C","SHRIMP","T","F",324991.8674,0.954196819323808
12,2018,"C","TUNA","R","F",6976.46,0.030930766763263
12,2018,"C","TUNA","T","F",218574.36625,0.969069233236737
12,2018,"C","WHITING","R","F",75.75,1
12,2018,"O","NON-WHITING GROUNDFISH","R","F",1977019.793,0.978563850342382
12,2018,"O","NON-WHITING GROUNDFISH","T","F",43308.05,0.0214361496576177
12,2018,"O","OTHER","R","F",65892.6,0.390345129912444
12,2018,"O","OTHER","T","F",102913.4,0.609654870087556
12,2018,"O","SHELLFISH","C","F",16760.45,0.84571427129745
12,2018,"O","SHELLFISH","R","F",158.5,0.0079977394402087
12,2018,"O","SHELLFISH","T","F",2899.15,0.146287989262341
12,2018,"O","SHRIMP","R","F",2442.922,0.755872821188135
12,2018,"O","SHRIMP","T","F",789,0.244127178811865
12,2018,"W","COASTAL PELAGIC","R","F",0.42,1
12,2018,"W","CRAB","R","F",6349.75,0.000739184563823562
12,2018,"W","CRAB","T","F",8583859.395,0.999260815436176
12,2018,"W","NON-WHITING GROUNDFISH","R","F",281410.79198,0.611718343691635
12,2018,"W","NON-WHITING GROUNDFISH","T","F",178622.48131,0.388281656308365
12,2018,"W","OTHER","R","F",0.1,1.42867647711182e-07
12,2018,"W","OTHER","T","F",699948.43,0.999999857132352
12,2018,"W","SALMON","T","F",98191.544,1
12,2018,"W","SHELLFISH","T","F",3037001.255,1
12,2018,"W","SHRIMP","T","F",3736.02,1
12,2019,"C","COASTAL PELAGIC","R","F",2839330.6734,1
12,2019,"C","CRAB","E","T",82443.05,0.00482423608686986
12,2019,"C","CRAB","R","F",17002672.6904,0.994928100867985
12,2019,"C","CRAB","T","F",4232.4,0.000247663045145321
12,2019,"C","NON-WHITING GROUNDFISH","C","F",22804,0.0276302606949059
12,2019,"C","NON-WHITING GROUNDFISH","R","F",802329.1239,0.972134838470113
12,2019,"C","NON-WHITING GROUNDFISH","T","F",193.87,0.000234900834981644
12,2019,"C","OTHER","C","F",367,0.000120488488868963
12,2019,"C","OTHER","E","T",2194.5,0.000720468634394932
12,2019,"C","OTHER","R","F",3043372.6257,0.999159042876736
12,2019,"C","SHELLFISH","R","F",1039.896,1
12,2019,"C","SHRIMP","R","F",178334.077,1
12,2019,"C","TUNA","R","F",537694.476,1
12,2019,"C","WHITING","R","F",12.09,1
12,2019,"O","CRAB","R","F",958194.1,1
12,2019,"O","NON-WHITING GROUNDFISH","R","F",2256710.92,0.966562462997053
12,2019,"O","NON-WHITING GROUNDFISH","T","F",78069.3,0.0334375370029475
12,2019,"O","OTHER","R","F",81069.75,0.530986362444012
12,2019,"O","OTHER","T","F",71607.9,0.469013637555988
12,2019,"O","SHELLFISH","C","F",8143.7,0.545462461235507
12,2019,"O","SHELLFISH","R","F",1259,0.0843274234924547
12,2019,"O","SHELLFISH","T","F",5527.2,0.370210115272038
12,2019,"O","SHRIMP","R","F",3261.934,0.84881343265328
12,2019,"O","SHRIMP","T","F",581,0.15118656734672
12,2019,"O","TUNA","R","F",2122,1
12,2019,"W","CRAB","R","F",63897.1,0.0218361420135402
12,2019,"W","CRAB","T","F",2862311.2,0.97816385798646
12,2019,"W","NON-WHITING GROUNDFISH","R","F",111627.85358,0.586285971190976
12,2019,"W","NON-WHITING GROUNDFISH","T","F",78770.448725,0.413714028809024
12,2019,"W","OTHER","R","F",1.824,2.91899699793641e-06
12,2019,"W","OTHER","T","F",624870.35,0.999997081003002
12,2019,"W","SALMON","T","F",13060.972,1
12,2019,"W","SHELLFISH","T","F",1913506.54,1
12,2019,"W","SHRIMP","T","F",3671,1
